Workbook

Sheet Listado
A1: Bares y restaurantes de Granada y Motril sin web
A2: Edita solo las columnas amarillas: «¿Quiere web?» (desplegable Sí / No / Pendiente), fecha y comentarios. «Por comprobar» = no se ha podido verificar si tiene web: míralo en Google Maps antes de ir.
A3: Nº | B3: Negocio | C3: Ciudad | D3: Dirección | E3: Teléfono | F3: Situación web | G3: Dónde aparece | H3: Valoración | I3: Notas | J3: ¿Quiere web? | K3: Fecha visita | L3: Comentarios de la visita
A4: 1 | B4: Casa A&R | C4: Granada | D4: C. Ribera del Genil, 8 | F4: Web ya preparada | G4: cartaactiva.es | I4: Propuesta de web ya hecha (web_casa_ar); falta teléfono | J4: Pendiente
A5: 2 | B5: RompeCabezas | C5: Granada | D5: C. Ribera del Genil, 7 | E5: 858 70 65 52 | F5: Web ya preparada | G5: Google, Glovo, Tripadvisor | H5: 4,1 Google | I5: Propuesta de web ya hecha (web_rompecabezas) | J5: Pendiente
A6: 3 | B6: Bar Restaurante Los Faroles | C6: Motril | D6: C. Plasencia, 1 | E6: 958 60 33 88 | F6: Sin web encontrada | G6: gastroranking.es, mejorestapas.com | H6: 8,2 Gastroranking (838) | I6: Muy conocido, pescado: buen candidato | J6: Pendiente
A7: 4 | B7: La Gamba | C7: Motril | D7: C. Rodríguez Acosta, 5 | E7: 958 60 28 81 | F7: Sin web encontrada | G7: gastroranking.es | H7: 7,6 Gastroranking (664) | I7: Dueño: Carlos (según reseñas) | J7: Pendiente
A8: 5 | B8: Lebrillo Taberna Gastronómica | C8: Motril | D8: Av. de la Constitución, 6 | E8: 628 17 95 33 | F8: Sin web encontrada | G8: mesonlajuderia.com | J8: Pendiente
A9: 6 | B9: Mesón Cartuja | C9: Motril | D9: C. Cartuja, 15 | E9: 958 60 50 22 | F9: Sin web encontrada | G9: gastroranking.es, mejorestapas.com | H9: 7,5 Gastroranking (1.177) | I9: Otro teléfono publicado: 858 12 15 24 | J9: Pendiente
A10: 7 | B10: Mesón Cibus | C10: Granada | D10: Zaidín | E10: 958 08 97 80 | F10: Sin web encontrada | G10: cylex.es | I10: Falta dirección exacta | J10: Pendiente
A11: 8 | B11: Bar El Paso | C11: Motril | D11: C. Antillas, 43 | E11: 659 97 19 51 | F11: Tiene web – revisar si es antigua | G11: barelpasomotril.es | H11: 8,1 Gastroranking (2.730) | I11: Revisar su web: muy popular | J11: Pendiente
A12: 9 | B12: Bar Casa Jedo | C12: Motril | D12: C. Santa Ana, 13 | E12: 678 74 73 92 | F12: Por comprobar | G12: tapasespana24.com | J12: Pendiente
A13: 10 | B13: Bar Osteria | C13: Motril | D13: C. Era, 1 | E13: 672 96 79 45 | F13: Por comprobar | G13: tapasespana24.com | J13: Pendiente
A14: 11 | B14: Café Bar Aladino | C14: Motril | D14: Plaza España, 3 | E14: 958 82 55 83 | F14: Por comprobar | G14: mejorestapas.com | J14: Pendiente
A15: 12 | B15: Café Bar Cerrillo | C15: Motril | D15: C. San Cecilio, 13 | E15: 652 85 03 17 | F15: Por comprobar | G15: tapasespana24.com | J15: Pendiente
A16: 13 | B16: Café-Bar La Rueda | C16: Motril | D16: C. Dr. Tercedor, 19 | E16: 601 90 72 14 | F16: Por comprobar | G16: paginasamarillas.es | J16: Pendiente
A17: 14 | B17: Cervecería Casa Luis Vallejo | C17: Motril | D17: C. Nueva, 33 | E17: 601 63 60 79 | F17: Por comprobar | G17: mejorestapas.com | J17: Pendiente
A18: 15 | B18: Cervecería Motril | C18: Motril | D18: Av. Enrique Martín Cuevas, 1 | E18: 640 26 77 33 | F18: Por comprobar | G18: mesonlajuderia.com | J18: Pendiente
A19: 16 | B19: La Piqueta | C19: Motril | D19: C. Cervantes, 2 | E19: 653 24 80 22 | F19: Por comprobar | G19: mejorestapas.com | J19: Pendiente
A20: 17 | B20: Mesón Medina | C20: Motril | D20: Plaza del Tranvía | E20: 958 82 17 82 | F20: Por comprobar | G20: mejorestapas.com | J20: Pendiente
A21: 18 | B21: Sabor Andaluz | C21: Motril | D21: Av. de Salobreña, 19 | E21: 695 02 59 67 | F21: Por comprobar | G21: mejorestapas.com | J21: Pendiente
A22: 19 | B22: Taberna Guindilla | C22: Motril | D22: C. Párroco Martín Sierra, 5 | E22: 958 82 51 31 | F22: Por comprobar | G22: paginasamarillas.es | J22: Pendiente
A23: 20 | B23: Bar Chencho | C23: Granada | D23: Zaidín | E23: 958 12 13 05 | F23: Por comprobar | G23: cylex.es | J23: Pendiente
A24: 21 | B24: Bar Las Delicias | C24: Granada | D24: Zaidín-Vergeles | E24: 958 81 10 17 | F24: Por comprobar | G24: paginasamarillas.es | J24: Pendiente
A25: 22 | B25: Divino | C25: Granada | D25: C. Ribera del Genil, 2 | E25: 958 88 85 53 | F25: Por comprobar | G25: wanderlog.com | I25: Italiano; vecino de RompeCabezas | J25: Pendiente
A26: 23 | B26: El Nido del Búho | C26: Granada | D26: Camino de Ronda, 101 | F26: Por comprobar | G26: salir.com | I26: Más de 60 tapas | J26: Pendiente
A27: 24 | B27: Fútbar | C27: Granada | D27: Zaidín-Vergeles | E27: 958 11 59 36 | F27: Por comprobar | G27: paginasamarillas.es | J27: Pendiente
A28: 25 | B28: Los Marianos Zaidín | C28: Granada | D28: C. Torre de Peralada, 2 | E28: 633 29 77 21 | F28: Por comprobar | G28: gavin.es | I28: Terraza | J28: Pendiente
A29: 26 | B29: Mesón Casa de Eloy | C29: Granada | D29: Zaidín | E29: 958 13 59 78 | F29: Por comprobar | G29: cylex.es | J29: Pendiente
A30: 27 | B30: Mesón La Loma | C30: Granada | D30: Zaidín | E30: 958 13 02 64 | F30: Por comprobar | G30: cylex.es | J30: Pendiente
A31: 28 | B31: Pizzería Desi | C31: Granada | D31: Zaidín-Vergeles | E31: 958 08 16 00 | F31: Por comprobar | G31: paginasamarillas.es | J31: Pendiente

Sheet Resumen
A1: Bares y restaurantes de Granada y Motril sin web · Resumen
A3: Situación web | B3: Motril | C3: Granada | D3: Total
A4: Sin web encontrada | B4: =COUNTIFS(Listado!$F$4:$F$31,$A4,Listado!$C$4:$C$31,"Motril") -> 4 | C4: =COUNTIFS(Listado!$F$4:$F$31,$A4,Listado!$C$4:$C$31,"Granada") -> 1 | D4: =B4+C4 -> 5
A5: Solo perfil en plataforma | B5: =COUNTIFS(Listado!$F$4:$F$31,$A5,Listado!$C$4:$C$31,"Motril") -> 0 | C5: =COUNTIFS(Listado!$F$4:$F$31,$A5,Listado!$C$4:$C$31,"Granada") -> 0 | D5: =B5+C5 -> 0
A6: Tiene web – revisar si es antigua | B6: =COUNTIFS(Listado!$F$4:$F$31,$A6,Listado!$C$4:$C$31,"Motril") -> 1 | C6: =COUNTIFS(Listado!$F$4:$F$31,$A6,Listado!$C$4:$C$31,"Granada") -> 0 | D6: =B6+C6 -> 1
A7: Por comprobar | B7: =COUNTIFS(Listado!$F$4:$F$31,$A7,Listado!$C$4:$C$31,"Motril") -> 11 | C7: =COUNTIFS(Listado!$F$4:$F$31,$A7,Listado!$C$4:$C$31,"Granada") -> 9 | D7: =B7+C7 -> 20
A8: Web ya preparada | B8: =COUNTIFS(Listado!$F$4:$F$31,$A8,Listado!$C$4:$C$31,"Motril") -> 0 | C8: =COUNTIFS(Listado!$F$4:$F$31,$A8,Listado!$C$4:$C$31,"Granada") -> 2 | D8: =B8+C8 -> 2
A9: Total | B9: =SUM(B4:B8) -> 16 | C9: =SUM(C4:C8) -> 12 | D9: =SUM(D4:D8) -> 28
A11: ¿Quiere web? | B11: Negocios | C11: % del total
A12: Sí | B12: =COUNTIF(Listado!$J$4:$J$31,$A12) -> 0 | C12: =IF($D$9=0,0,B12/$D$9) -> 0
A13: No | B13: =COUNTIF(Listado!$J$4:$J$31,$A13) -> 0 | C13: =IF($D$9=0,0,B13/$D$9) -> 0
A14: Pendiente | B14: =COUNTIF(Listado!$J$4:$J$31,$A14) -> 28 | C14: =IF($D$9=0,0,B14/$D$9) -> 1
A16: Visitados (con fecha) | B16: =COUNT(Listado!$K$4:$K$31) -> 0
A18: Leyenda
A19: Sin web encontrada | B19: Solo aparece en directorios (Páginas Amarillas, Cylex…): no tiene web propia.
A20: Solo perfil en plataforma | B20: Solo tiene ficha en Treatwell, Fresha o bodas.net: no tiene web propia.
A21: Tiene web – revisar si es antigua | B21: Tiene web propia: ábrela y mira si es antigua (diseño viejo, no se ve bien en móvil, sin https).
A22: Por comprobar | B22: No se pudo verificar desde los directorios: mirar en Google Maps si tiene web.
A23: Web ya preparada | B23: Ya tienes la propuesta de web preparada para enseñársela.
A25: Fuentes: directorios públicos consultados en octubre de 2026 (paginasamarillas.es, cylex.es, treatwell.es, fresha.com, gastroranking.es, mejorestapas.com y otros indicados en cada fila). Teléfonos y direcciones pueden haber cambiado.
